id,name,classifier,network,document_path,pdm_num,descr,rea,date_verified
1,CIDS_12345 component spec,unclass,lower,/my_net/components/specs,67892,This document shows the critical items for the component,Mr. Pockets,2/12/2021
2,IRS_3456 special component,unclass,middle,/my_net/components/irs,34216,Shows the interface requirement specification for the special component,Dr. Watson,12/12/2023
3,Mickey Mouse Clubhouse Test Results,other,upper,on other network,19485,Shows results from the tests done in the clubhouse,Dr. Duck,10/15/2022
4,IRS_3456 special component,unclass,middle,/my_net/components/irs,35810,Shows the interface requirement specification for the special component,Watson Jr.,1/12/2024
