model_name,classifier,variable_name,descr,nom_value,distribution,mean,sigma,lower_val,upper_val,units,build,document_id
thrust_control_system_0,unclass,def_alt,"default altitude for ""on"" trigger",60,normal,60,5.8,45,55,ft,28.5.1,1
thrust_control_system_0,unclass,def_range,"default ground range for ""on"" trigger",2500,uniform,2500,20,1750.8,2600,m,28.5.1,1
thrust_control_system_0,unclass,was_activated,flag to see if trigger was activated,FALSE,,,,,,NA,28.5.1,1
environment_0,unclass,max_temp,maximum temperature for environment,74.67,normal,74.67,5,70,95,deg_f,28.5.1,3
tilt_a_whirl_component_0,unclass,min_spin_vel,minimum threshold for default spinning velocity,120,normal,,,,,rad/s,28.5.1,3
performance_eval_0,unclass,srs_ref_5684,threshold for scoring SRS 5684,180,uniform,180,11.7,170,220,km/s^2,28.5.1,2
performance_eval_0,unclass,srs_ref_5684,flag to see if valid data for SRS 5684,FALSE,,,,,,NA,28.5.1,2
thrust_control_system_0,unclass,def_alt,"default altitude for ""on"" trigger",50,normal,50,5.8,45,55,ft,WIP,1
thrust_control_system_0,unclass,def_range,"default ground range for ""on"" trigger",1000,uniform,1000,20,900.25,1100,m,WIP,1
thrust_control_system_0,unclass,was_activated,flag to see if trigger was activated,FALSE,,,,,,NA,WIP,1
environment_0,unclass,max_temp,maximum temperature for environment,80,normal,80.35,5,70,95,deg_f,WIP,3
tilt_a_whirl_component_0,unclass,min_spin_vel,minimum threshold for default spinning velocity,120,normal,,,,,rad/s,WIP,3
performance_eval_0,unclass,srs_ref_5684,threshold for scoring SRS 5684,200,uniform,200,14.6,100,210.58,km/s^2,WIP,4
performance_eval_0,unclass,srs_ref_5684,flag to see if valid data for SRS 5684,FALSE,,,,,,NA,WIP,4